x,y
-142.9,61.5
-132.7982,55.1872
-132.8202,55.2035
-141.5667,62.9375
-149.7853,61.0595
-141.3165,62.77335
-147.8142,64.89139
-85.16235,32.31435
-87.32655,33.28375
-86.4559,34.95605
-86.66465,34.5422
-87.02025,34.9263
-87.50905,34.80405
-87.1105,34.92855
-88.17885,33.13195
-88.08305,31.4515
-87.45876,33.97575
-87.96095,31.58255
-86.6333,34.4881
-87.00665,34.6802
-87.09069,31.16
-88.14999,33.13
-87.35664,33.21145
-87.31821,33.26035
-86.52105,34.7325
-85.4258,32.6218
-86.64066,33.3674
-86.4664,33.6205
-86.7891,33.8132
-87.24547,32.30673
-86.99782,31.00002
-85.705,32.43
-85.625,33.35
-86.17524,34.27607
-86.5,33.59
-86.581,32.184
-86.17122,33.36305
-86.6575,34.71139
-87.91833,30.7113
-86.4891,32.76967
-85.35995,31.86801
-87.53395,33.8957
-87.53395,33.8957
-87.77686,34.70112
-87.06486,31.13586
-86.54527,31.34781
-88.12475,33.41574
-88.26291,31.25385
-85.48985,33.82162
-86.5045,34.32279
-86.56954,34.47091
-86.88621,34.29511
-86.37698,32.48322
-86.98473,33.55153
-85.9793,32.91874
-87.6942,33.37095
-85.19265,31.651
-86.96416,34.00806
-85.22781,34.14117
-85.21574,31.23374
-85.7944,31.53475
-92.34083,34.55056
-92.38222,36.19444
-92.385,36.33528
-93,34.08
-93.1,34.25
-94.3643,33.76986
-91.735,34.787
-90.51056,36.12083
-92.03389,33.82111
-93.83426,35.9975
-93.15208,35.42097
-93.20389,33.88861
-93.886,33.26666
-91.1125,36.19791
-92.58667,34.56444
-91.87,36.37111
-94.23417,36.20611
-94.45417,34.70694
-94.44694,36.18333
-91.45889,35.64861
-93.94583,36.34167
-91.08056,34.88111
-93.13361,35.27833
-93.9475,33.18639
-92.40778,34.53167
-94.356,35.09306
-91.27056,33.7985
-93.74,36.41
-91.51306,35.44944
-92.61493,33.14663
-92.12,34.87
-93.75723,36.31519
-92.64066,33.26462
-93.162,34.285
-93.75313,35.34572
-90.32,35.0194
-94.3745,34.369
-93.07654,34.44652
-93.89135,33.14759
-94.229,35.36335
-92.63179,36.29871
-92.75093,34.73147
-91.22115,33.26855
-93.98622,33.33171
-92.52505,36.14065
-91.52025,36.33205
-92.3575,34.86535
-92.30614,36.38605
-91.46231,35.703
-110.1835,31.99003
-110.8403,34.90831
-109.4276,36.09081
-111.5,34.4
-109.3191,33.6247
-109.29,36.54165
-111.938,35.656
-109.64,34.325
-109.675,32.815
-109.44,34.6
-111.69,33.85
-110.4298,33.99989
-112.6432,33.3785
-111.1367,34.28939
-111.8634,35.241
-110.165,34.1
-112.5421,34.55154
-110,34
-112.73,32.95
-110.11,34.285
-119.6436,37.35944
-119.9833,38.93333
-120.0914,38.9575
-124.1625,40.80222
-119.836,38.28085
-121.9139,40.33556
-119.2119,37.23389
-119.9065,38.17677
-120.6781,41.41
-120.205,38.93
-119.9833,38.93333
-120.1358,38.86
-118.9975,37.35861
-120.1877,38.06615
-118.8489,36.10222
-119.9811,38.19753
-122.4306,41.45833
-122.3839,41.42806
-119.2642,38.04806
-122.7325,40.63556
-120.2339,38.03898
-118.1303,36.05278
-119.8633,38.26661
-122.9958,41.82417
-123.1317,41.3657
-122.5833,38.25583
-120.8908,39.21278
-119.2569,37.91111
-116.8625,33.2675
-122.2703,41.21361
-120.2653,39.3225
-121.6156,40.92911
-123.4817,39.68833
-120.0133,38.85556
-119.9833,38.93333
-123.8692,40.26639
-123.8692,40.26639
-121.495,36.2485
-122.3775,40.8875
-122.1781,39.92778
-121.0161,39.26361
-123.4817,39.68833
-123.7675,39.22361
-118.972,37.5703
-120.5836,38.72139
-121.58,39.205
-124,40.465
-119.2119,37.23389
-118.7402,36.0438
-120.3275,39.31917
-120.2434,38.0312
-121.7,37
-122.1667,40.75
-123.55,40.85
-120.6033,38.90333
-120.201,36.7818
-122.278,40.7974
-121.2919,35.5565
-121.7146,36.3779
-123.35,41.75
-119.5483,38.3068
-121.0517,39.25396
-123.85,41.65
-123.2718,40.7485
-123.35,41.75
-121.4871,37.39555
-120.3784,39.50435
-122.8055,40.6789
-120.2201,38.86165
-118.9166,37.58325
-124.0687,41.21385
-122.6667,40.7333
-121.7138,38.4906
-123.1668,41.8333
-118.4333,34.6167
-123.056,41.28996
-123.2393,39.83929
-119,37.9333
-123.3899,39.51489
-119.7853,38.33115
-119.2916,34.625
-116.5333,33.95002
-118.375,36.70835
-121.07,37.475
-123.0585,38.83996
-118.125,36.79165
-119.9254,34.73389
-123.1749,41.98645
-120.2083,38.79998
-121.18,39.705
-118.5834,34.76666
-123.4498,41.65925
-121,38.25
-122.575,41.845
-119.6234,38.51665
-114.4419,50.4023
-114.2347,50.0865
-114.3957,55.26332
-114.1397,53.62819
-115.8742,52.51666
-117.1638,56.12543
-113.0987,53.92005
-114.0243,49.01115
-116.0426,50.84333
-121.3177,49.3402
-119.665,53.08
-121.3324,56.3321
-122.1751,50.80041
-123.12,59.61
-123.2054,49.94374
-123.94,49.54
-123.8562,49.51069
-120.4736,53.59444
-122.0064,54.23708
-121.3976,49.62125
-119.8664,49.09555
-122.1171,49.4068
-121.525,49.175
-121.94,49.24
-117.8504,49.28569
-118.398,51.05747
-124.2872,48.83319
-123.6171,48.56704
-125.3675,49.26528
-122.6089,49.0922
-119.8076,49.73385
-115.5743,50.29765
-123.3647,48.35765
-118.188,50.58304
-127.735,50.8604
-124.6929,49.4085
-116.5133,49.41289
-117.9636,49.20805
-98.03333,50.25
-96.17149,50.5697
-99.11815,52.9884
-97.595,54.245
-100.9129,50.91725
-101.274,53.99
-67.05334,45.6746
-64.4627,45.98335
-79.5985,43.2114
-79.1338,45.01904
-79.76308,44.86073
-81.00553,49.16669
-93.88194,51.03445
-80.60942,43.62427
-79.94618,48.03027
-75.63184,44.53995
-92.04907,48.36266
-94.02934,49.40276
-93.47855,48.60385
-94.5176,52.6752
-79.81129,48.51035
-76.4198,44.61615
-80.02915,44.15255
-80.66389,44.30352
-134.4837,60.36933
-135.1155,60.69976
-105.4979,37.57915
-105.8199,39.67095
-107.0153,39.1084
-105.9583,40.79166
-105.1058,38.8922
-105.0652,39.21338
-107.8833,38.49833
-106.4917,37.30833
-106.5123,37.32255
-104.9677,39.42923
-106.8085,39.6632
-104.9743,38.8993
-104.9908,38.54166
-106.4269,39.18975
-106.3833,39.26944
-105.3646,40.57499
-108.5417,40.45418
-107.7667,37.75417
-105.1598,38.753
-105.9333,40.54167
-106.2583,39.24998
-108.2083,37.4625
-105.1167,38.4
-104.8604,38.6691
-106.3,39.25
-106.2275,39.32385
-107.0671,39.3375
-106.6535,40.4521
-104.9917,38.9006
-105.4826,37.5969
-105.2155,39.11636
-106.8583,37.025
-104.3786,37.09263
-106.6417,38.59998
-106.4417,39.0917
-106.625,39.45824
-105.3542,39.31667
-107.7084,38.875
-105.1146,38.826
-105.298,40.00817
-105.2146,39.0465
-108.3364,37.33925
-107.9514,39.16305
-105.1137,38.0654
-105.3792,40.17585
-104.9426,38.5859
-106.1666,39.7198
-107.7247,37.83905
-104.875,38.716
-105.7854,39.39565
-106.5445,39.1006
-105.6385,40.84707
-106.496,37.37285
-106.199,38.83714
-105.475,39.40589
-107.0596,39.37357
-106.3023,39.80777
-105.2527,39.35503
-73.1512,41.36935
-85.6489,30.98555
-84.60745,30.6645
-80.21295,26.5931
-82.0332,27.0047
-81.52915,30.2333
-80.8595,28.3725
-80.1937,26.27395
-80.21025,26.08285
-81.75165,30.05705
-81.76041,26.15915
-80.8368,26.06885
-81.29691,25.91695
-82.98365,29.6699
-82.50591,28.50665
-85.217,30.8724
-81.62275,29.10635
-82.05835,29.0599
-81.90875,29.1951
-81.9233,29.19395
-86.5065,30.51295
-80.93504,28.3609
-81.12476,27.97255
-81.0621,28.1382
-81.19445,27.99245
-82.6053,28.3836
-80.93919,28.85025
-86.9648,30.84015
-81.3456,29.85375
-81.96195,29.7351
-81.8708,26.59885
-82.45165,27.7068
-81.5446,28.6901
-82.55556,29.4179
-82.3657,29.77535
-81.1273,29.47035
-81.0651,26.01535
-81.68295,29.77295
-80.13215,27.0099
-84.20835,30.4836
-87.1814,30.9905
-85.76891,30.7599
-82.52655,28.5716
-81.3065,25.8972
-80.8044,27.3973
-81.80005,29.98085
-81.4189,30.4544
-86.6913,30.56775
-85.6316,30.4664
-81.9055,29.07655
-85.95136,30.9854
-82.929,29.591
-82.46557,27.28518
-80.60976,26.61979
-81.93871,28.00845
-82.454,27.099
-81.9742,27.89469
-82.42,29.098
-82.438,28.043
-84.583,30.587
-81.33,25.927
-81.35876,27.37341
-81.6965,28.775
-81.771,30.069
-82.6505,29.191
-80.926,25.141
-82.44749,28.252
-81.22285,26.0079
-82.879,30.3125
-81.83705,30.2809
-81.82794,30.05287
-82.3722,29.1039
-81.88324,30.10139
-81.90216,30.03432
-81.90477,28.78028
-81.54172,30.23693
-81.89565,30.10386
-81.94118,30.11584
-80.43689,25.51665
-81.80878,29.43465
-81.7268,29.3143
-85.3948,29.93629
-81.7757,28.86151
-81.9755,27.7752
-81.89905,30.10851
-81.48598,25.95574
-82.76431,28.19899
-82.24487,28.14617
-82.71758,28.29425
-81.95577,28.44926
-82.33316,29.58358
-82.6783,29.47368
-81.85762,30.08748
-81.95577,28.44926
-81.97483,28.50566
-81.91354,29.94011
-82.44225,29.39384
-86.7513,30.6966
-80.84301,28.93312
-82.40295,28.78812
-80.7217,28.31193
-82.53305,28.78806
-81.86789,29.36953
-80.84716,28.48899
-80.16933,26.80829
-81.2299,29.83863
-85.20786,30.71362
-81.52609,29.28971
-81.48534,28.85982
-80.55011,27.78042
-81.20045,28.54205
-82.01917,29.16722
-80.83882,28.20954
-81.4819,29.05872
-81.71583,26.85451
-81.74579,29.49577
-80.59502,25.39544
-80.58182,25.76119
-81.59869,28.99496
-81.12898,28.62323
-81.81697,26.67822
-82.0443,30.71004
-81.12292,29.33246
-84.91096,30.54079
-83.96767,30.40785
-82.82335,29.42016
-82.43094,27.66726
-81.85223,29.97917
-82.35501,29.67757
-82.0435,29.1795
-82.3948,28.14162
-80.29457,26.05091
-82.1475,26.9745
-81.98468,27.19995
-82.74918,28.09538
-80.47805,25.54494
-85.12705,33.26885
-85,34
-84.59345,34.28745
-82.24471,33.3646
-83.4192,34.6423
-85.0409,32.0538
-81.88475,31.8792
-84.2269,34.70435
-83.412,30.67
-81.73075,31.82345
-84.53352,33.70037
-84.869,33.5388
-83.714,34.672
-81.41267,31.08925
-82.24886,32.38575
-83.69085,34.68319
-84.2532,33.32442
-83.48067,34.74775
-82.1341,31.2439
-83.13654,31.24842
-84.7681,33.48295
-81.436,32.0391
-84.78979,33.80785
-84.97515,33.81029
-84.1293,31.43265
-84.73846,34.1318
-84.5136,34.48287
-85.31646,34.42654
-83.80404,34.64145
-84.383,34.39965
-83.26071,31.17384
-84.58501,34.8155
-82.86789,34.06705
-84.48006,34.31955
-84.5317,33.49565
-84.73555,33.2706
-82.6386,30.83105
-81.64665,31.46641
-84.72352,34.8243
-83.66153,31.18562
-83.55708,32.86288
-81.61756,31.9853
-83.77811,34.7673
-83.94456,34.84161
-85.18678,34.17521
-85.02602,32.96854
-83.90588,33.34677
-84.08932,32.2462
-83.61285,33.46372
-83.87177,34.36153
-84.83903,34.03528
-85.16238,34.05198
-83.71705,34.66467
-92.9008,41.3675
-93.82007,42.47806
-93.974,41.59377
-91.3867,43.078
-94.356,42.8674
-91.75205,40.995
-93.63804,41.62183
-96.40213,42.50817
-93.77783,40.59604
-92.76577,43.17215
-94.22206,42.72063
-94.3677,42.0152
-93.22192,42.73854
-91.8043,42.7525
-91.68192,42.28422
-93.85965,40.8348
-94.045,41.461
-90.66615,42.4104
-91.74585,41.47445
-90.76557,42.55997
-93.92304,42.03477
-111.1241,42.5149
-116.8381,48.18611
-115.75,45.08334
-116.0833,44.91666
-116.4,44.85
-116.25,42.79166
-116.9156,45.9978
-115.9167,44.75
-114.7503,44.25028
-115.5833,44.41666
-115.75,45.08334
-116.9266,47.70965
-116.0558,48.1143
-112.455,44.0925
-116.0834,44.58335
-116.8368,46.8102
-114.8281,43.4082
-111.7899,43.41005
-116.1475,48.255
-114.2634,42.21834
-115.586,46.94
-115.9965,47.509
-116.934,48.6334
-116.4171,48.49805
-111.1241,42.5149
-115.8714,44.28265
-141.006,46.19614
-90.608,39.2949
-89.136,38.98
-88.71672,37.34339
-91.0007,40.4664
-91.0863,40.8139
-89.9595,41.30412
-89.689,41.7798
-89.558,39.06
-90.16171,38.92241
-90.0594,40.5332
-89.09732,38.68707
-88.929,37.91
-88.562,41.3368
-88.595,41.295
-88.55,41.33
-88.562,41.3368
-88.1577,42.1295
-87.47077,40.34057
-89.54485,38.4763
-90.459,40.316
-89.5,39.853
-89.85,42.21
-89.022,42.1846
-88.867,39.781
-89.582,38.946
-89.98351,39.06
-90.9009,40.9452
-90.40675,41.55965
-90.64,39.607
-88.9963,37.289
-89.341,38.567
-89.80125,38.72226
-89.48787,39.26776
-90.1451,38.9951
-87.58124,41.16124
-89.3211,41.2285
-88.724,40.19732
-89.88871,39.93521
-89.73378,40.82944
-90.24173,39.57463
-90.012,38.7774
-90.18651,39.6548
-90.17564,39.53747
-89.4691,39.7721
-90.0055,40.5658
-89.3469,39.5075
-89.99328,40.62288
-87.83285,41.84136
-89.3469,39.5075
-88.53889,41.33018
-88.60814,41.29663
-88.38197,37.60075
-90.40184,39.02341
-90.0795,41.7584
-88.71103,41.42396
-89.41959,40.14471
-88.1676,39.8213
-88.706,41.4209
-87.68468,38.71682
-89.88347,40.59904
-90.18332,40.98073
-88.29926,42.18476
-88.4586,41.61575
-90.16501,38.51689
-88.71402,41.42741
-89.55229,39.84874
-88.99181,38.1038
-89.36896,37.18404
-89.48784,37.71917
-90.79664,40.45273
-88.95451,41.30374
-88.9813,39.8732
-90.04582,39.37753
-87.79079,38.37945
-87.75156,41.53346
-89.48784,37.71917
-89.60034,40.67577
-90.59952,40.25679
-88.1033,40.26916
-90.95499,39.91682
-89.49155,37.68485
-87.60593,41.40762
-88.61966,39.2372
-88.98393,37.88755
-87.8572,38.354
-90.0933,39.30525
-90.928,40.9119
-89.17177,37.63264
-89.80784,41.72264
-90.16382,41.12409
-87.8574,41.9586
-88.92,41.3224
-90.4429,40.9474
-88.70795,39.50655
-90.3832,40.625
-86.1512,40.18
-85.7037,41.3382
-86.5945,41.062
-85.61,39.3579
-85.8486,39.365
-86.1084,40.0403
-86.161,39.4862
-86.11,39.38
-87.3203,38.01
-87.23335,39.8679
-86.57665,39.01166
-86.46065,39.32117
-86.64338,38.12318
-84.971,39.17295
-86.25349,38.6899
-85.69739,40.54919
-85.3532,40.8179
-85.5481,39.45697
-94.72448,37.81005
-96.9614,39.1489
-95.0802,37.0504
-94.6837,38.6234
-96.8223,39.1463
-97.60829,37.52947
-97.40294,37.64103
-95.84024,39.33292
-95.7455,37.192
-95.2577,38.9142
-97.3374,37.0581
-95.6491,38.3908
-95.747,39.072
-96.44296,38.62563
-97.34005,39.7273
-98.42924,37.56279
-95.44415,39.2305
-97.1953,37.3444
-97.4572,37.40504
-97.41755,38.19744
-99.26195,39.1062
-88.41175,36.8207
-83.67952,37.7764
-84.92358,37.3181
-84.97527,37.95708
-82.7989,38.53187
-82.88309,37.94235
-82.74628,37.77591
-88.9949,36.9372
-83.66641,36.7999
-87.89844,37.34029
-84.2552,37.53705
-84.1989,37.89508
-83.9311,38.45795
-85.0016,38.44148
-87.02245,36.89478
-86.98705,37.05575
-83.83695,38.51465
-83.80266,38.63454
-84.28714,37.57039
-83.25562,37.37814
-82.69576,37.26532
-82.64877,38.42968
-82.43635,37.83777
-84.33998,36.66257
-83.32354,38.56277
-82.83425,38.02825
-83.81139,37.82708
-84.588,38.528
-83.0452,36.9265
-82.83278,38.02653
-87.96917,37.75972
-88.15556,36.82806
-87.89472,36.75139
-83.95846,37.0787
-83.9769,37.06226
-87.52757,37.29395
-87.344,37.6095
-83.85683,36.67311
-83.89224,37.49582
-83.46259,38.05703
-84.67017,38.90649
-84.10435,37.75745
-86.45915,36.68937
-83.08006,37.81144
-87.01657,37.64966
-84.50035,37.55156
-82.48093,37.42701
-84.94009,38.12912
-82.5183,37.47975
-82.73412,38.1078
-86.11702,37.96027
-84.79574,39.08002
-84.90234,37.97699
-87.93167,36.8216
-82.69125,38.06181
-83.41507,38.2592
-83.42429,36.83193
-83.56467,37.00633
-90.8493,30.1878
-93.9467,32.7817
-92.3104,31.6825
-92.37835,31.3799
-92.4976,31.1375
-92.4054,31.3058
-92.40895,32.8057
-93.2512,31.1458
-92.3104,31.6825
-92.3309,31.4871
-93.0887,31.6498
-92.2508,31.4676
-92.3495,31.3904
-91.01565,30.49905
-93.2952,31.14195
-92.6221,30.2576
-93.50845,31.5831
-92.914,32.0199
-93.45,32.895
-91.14448,32.0131
-92.46844,31.40304
-71.9023,42.6688
-71.58914,42.01496
-70.95906,41.74419
-76.82731,39.08414
-76.34047,39.67183
-84.58583,43.74
-82.53083,43.26806
-84.42722,43.59611
-87.73236,46.61183
-84.2114,43.79834
-83.60472,42.30472
-84.66833,43.5975
-85.60028,42.39472
-85.34194,43.235
-84.7602,44.4355
-86.16861,42.86361
-83.18583,43.41444
-83.27139,43.94111
-87.42407,46.47182
-84.35389,41.93
-83.92834,43.92736
-83.58,42.40611
-85.82096,44.51436
-85.05965,42.323
-84.05358,44.36434
-84.7802,41.9773
-84.72922,44.29188
-88.16701,46.5244
-87.98718,46.01398
-87.48289,46.09045
-84.87524,45.91515
-87.3289,45.9642
-84.7378,42.3125
-85.95865,46.34575
-85.589,46.56725
-84.40335,44.41835
-85.41,43.21
-86.5228,46.3126
-84.04025,42.68505
-84.71,44.7
-88.28403,46.56913
-85.97613,46.18968
-86.1437,45.964
-85.86292,44.62845
-84.425,45.1475
-84.12485,44.76
-83.845,44.565
-84.6,44.17335
-84.06493,44.5256
-84.355,43.87
-85.12935,43.45135
-84.9825,43.1095
-84.165,44.94835
-84.0415,44.59665
-84.91665,46.37165
-85.00165,44.76665
-84.605,45.35665
-84.22701,42.068
-83.85985,45.40985
-85.075,44.525
-86.10172,44.22671
-85,45
-87.46171,46.60424
-86.21193,46.19183
-84.2995,41.871
-86.4565,43.674
-83.4885,45.351
-85.2165,44.1305
-85.92196,44.0559
-85.6885,42.225
-83.89001,44.2725
-86.19037,44.38367
-85.51546,44.50587
-92.36145,43.80075
-93.02428,47.27147
-92.36145,43.80075
-92.53,47.5754
-93.06226,45.1836
-95.11484,46.50385
-94.98708,47.43842
-93.25262,47.52522
-93,47.5
-92.01759,47.4284
-91.432,37.8597
-92.97639,38.04414
-91.6533,39.8397
-91.2,36.6
-91.09014,39.29007
-91.093,39.3735
-92.20055,37.82861
-93.5577,38.0944
-93.8794,37.9939
-90.0329,37.8602
-90.7517,38.039
-90.675,38.655
-93.13545,37.07354
-93.71506,37.11433
-92.59781,38.81124
-92.173,37.714
-92.425,36.615
-93.4303,37.0968
-92.8254,38.3085
-91.6253,38.28
-92.9282,39.7557
-92.411,38.305
-93.614,37.3317
-93.8232,36.8133
-91.96238,38.62
-90.52987,38.69428
-93.894,37.117
-90.9525,36.66708
-93.65774,36.67065
-89.67815,36.00565
-90.39488,38.22635
-94.856,39.859
-89.6075,37.286
-92.7622,36.94109
-93.684,37.664
-89.55949,37.236
-93.82087,37.87153
-90.53249,38.73802
-92.09264,36.97061
-90.79886,37.79465
-89.98725,36.06055
-91.16042,38.2081
-92.36771,38.9099
-89.86899,36.87593
-94.52888,37.03575
-90.66216,38.21285
-94.60989,36.51627
-92.07335,38.56724
-92.3046,36.8109
-94.16049,39.04035
-94.11218,37.85524
-94.6028,37.84203
-91.3012,37.39315
-90.23058,37.40025
-92.11988,37.02496
-93.14626,36.39835
-94.19245,38.5229
-94.59565,39.30745
-94.1057,38.5992
-93.29459,36.66887
-94.02478,40.39956
-94.40015,39.60238
-90.71574,31.1603
-89.59135,33.10925
-89.6111,30.2464
-88.74805,32.3372
-88.40335,33.50025
-89.845,34.31605
-88.7496,32.2714
-89.0338,30.97675
-90.8022,33.56555
-91.08505,31.39275
-88.864,32.1806
-88.19894,34.60905
-88.77015,32.036
-88.77015,32.036
-90.19371,32.40191
-111.125,45.22417
-113.1236,48.36139
-112.7031,47.04333
-111.8861,46.76472
-113.8381,46.97694
-110.3308,46.01833
-104.1922,47.70667
-110.8069,45.66722
-112.702,46.83285
-111.9094,47.12806
-115.3903,47.62167
-114.0717,47.06032
-113.1198,46.02962
-106.8331,45.0262
-114.0125,45.82285
-112.4554,45.9754
-108.6873,47.66724
-110.7781,46.76389
-112.9707,45.3705
-77.2914,34.6894
-82.443,35.33975
-83.28265,35.2483
-76.29115,36.3715
-80.26915,35.2256
-80.7704,36.09945
-78.4048,35.5311
-78.63611,35.18637
-78.09365,36.21335
-80.6282,35.91965
-79.03025,36.31625
-80.0616,35.4449
-77.50434,34.53784
-81.5917,35.6267
-82.829,35.892
-76.946,35.998
-82.287,35.451
-82.321,35.618
-79.75644,35.30773
-80.375,35.75
-77.23759,34.40434
-77.90525,36.0089
-81.30889,36.31126
-81.92929,35.88561
-79.21278,35.18083
-82.05008,35.85107
-82.22121,35.75278
-77.53445,34.50917
-82.56715,35.41939
-81.03185,35.94647
-77.85507,34.78052
-101.3166,48.25422
-102.701,47.72964
-101.8886,47.71188
-96.7432,40.1399
-97.97573,42.76609
-96.6824,40.84792
-95.88,41.134
-95.92,41.238
-98.22576,41.55099
-100.5501,42.87331
-103.398,42.5893
-74.4611,40.478
-74.6215,40.7446
-74.2918,40.8959
-74.321,41.08335
-74.68135,40.16465
-74.3249,40.9934
-74.43445,39.60835
-74.59959,41.14652
-74.85561,40.8192
-74.57013,41.01941
-105.7395,33.27735
-108.87,36.126
-106.8803,35.98475
-105.7947,33.15405
-108.8676,35.63736
-104.4801,36.9934
-107.3956,36.72065
-107.6021,36.7474
-109.0612,36.39135
-108.7608,36.81315
-107.9978,35.58565
-108.892,36.08089
-105.9678,36.65339
-108.2034,35.37201
-108.84,36.0605
-105.2526,35.52162
-119.6564,39.29056
-119.6665,39.679
-119.8458,39.00056
-118.325,37.8583
-77.4028,42.6153
-75.0116,42.36176
-75.64853,42.1174
-74.14589,44.26646
-78.23962,43.34806
-77.93121,42.09785
-73.7171,41.5036
-75.3811,42.32921
-78.54224,43.19501
-78.82683,42.15947
-77.60525,42.28045
-74.8865,42.56379
-78.3253,43.22649
-73.87915,41.94512
-76.89331,43.27314
-81.11642,40.98596
-81.27132,39.88653
-82.36887,39.58157
-84.18491,40.24354
-83.02854,40.15002
-80.88494,41.72134
-80.77387,40.36957
-82.69884,40.38609
-83.95184,39.92104
-83.94906,39.85461
-83.96562,39.86096
-83.96123,39.89216
-81.25768,40.77789
-82.29162,39.78594
-80.58332,40.70386
-81.35575,40.74065
-84.38103,41.2625
-81.51749,40.27488
-81.73172,39.40877
-81.33974,41.39803
-82.80257,40.4764
-81.3726,41.47349
-83.39134,38.73687
-84.06565,40.73412
-82.32803,40.82327
-82.23988,40.59935
-81.30896,41.30265
-82.54968,38.79833
-82.55177,38.79381
-82.52238,39.39935
-81.54855,39.46019
-83.28128,38.83859
-80.93665,41.81835
-82.24257,39.45789
-80.55217,40.76533
-80.57164,40.6807
-81.85331,39.28537
-81.51075,40.67979
-84.09158,39.74961
-84.54476,41.34728
-83.00142,39.89203
-81.63656,40.17699
-84.79429,39.37509
-84.80138,39.37215
-81.1438,41.7164
-83.6118,40.6445
-81.1351,41.5325
-80.58163,41.81902
-80.6937,40.39103
-80.78826,40.2831
-82.67252,40.00915
-80.9835,41.1174
-83.26393,39.17257
-84.62567,39.70042
-82.48699,40.61236
-83.12873,38.83628
-81.0758,40.74451
-80.76735,41.36755
-81.67339,39.38745
-81.19895,40.75872
-82.93085,38.79215
-81.62379,41.23638
-83.5556,40.04792
-82.26236,40.60787
-83.0363,39.10611
-82.97854,38.74899
-82.1013,39.64193
-82.0101,41.03
-80.57593,40.68935
-81.98721,39.90416
-84.45905,39.49695
-80.64831,40.77972
-82.29486,40.85035
-81.65929,39.3731
-83.11422,39.49265
-81.39101,39.54739
-81.17155,41.13356
-82.44401,40.92276
-81.4311,41.10765
-84.21719,40.80725
-84.14493,39.89172
-82.2244,39.4484
-83.13585,39.20212
-82.70263,39.74107
-82.66616,38.54852
-81.96419,41.06648
-82.47604,39.17029
-82.41166,39.14299
-81.69818,40.08946
-82.28814,40.05998
-82.32669,39.48219
-81.15622,40.7343
-83.9374,40.6559
-81.26217,40.54605
-81.77677,41.02572
-81.79669,41.06019
-80.6616,40.42591
-81.20629,41.44442
-82.82576,40.46339
-80.89096,41.42579
-81.5117,40.1218
-81.61014,39.92781
-82.82214,40.5896
-83.51394,39.96627
-81.81317,41.12012
-81.22075,41.57231
-83.0556,40.26494
-82.87663,40.50945
-82.71107,38.60551
-81.18352,40.71737
-83.0337,40.08159
-81.5745,41.29621
-80.51186,41.05304
-81.56232,40.10801
-81.56255,41.2584
-83.80582,38.81772
-84.36874,39.63662
-80.77592,41.09087
-81.32809,40.36831
-80.97507,40.95818
-81.1124,41.15384
-82.14285,38.9264
-81.39331,40.47672
-80.95952,41.81287
-81.60576,41.23739
-80.53528,40.63606
-84.04518,40.04342
-82.17295,40.61286
-81.22853,41.5621
-82.17295,40.61286
-81.50933,40.10348
-81.31219,40.79438
-84.17227,39.13595
-96.30222,34.29861
-95.70208,35.70166
-96.75361,33.89444
-97.479,35.74111
-95.01167,34.39639
-94.65639,34.44333
-98.31556,34.9575
-94.84861,34.61361
-94.70667,34.78833
-96.972,34.495
-94.83,35.92806
-97.1225,36.02306
-98.575,35.50556
-96.66528,34.86111
-98.34056,35.10278
-97.45694,35.64389
-97.03333,35.97389
-94.55944,34.59583
-95.80417,36.91528
-96.968,35.86972
-95.97,35.27056
-98.13028,35.33389
-95.62278,34.11306
-96.60222,35.26808
-95.74556,36.18889
-97.33528,35.27639
-97.21555,35.42014
-94.7325,34.689
-95.60667,35.7575
-95.26167,34.92333
-97.5625,35.24194
-99.1702,35.3011
-97.07361,33.82444
-98.62833,34.62944
-95.65417,34.81417
-97.00389,35.68583
-95.97023,35.36895
-96.21,34.25
-94.68028,34.36778
-95.94727,35.2933
-96.12164,36.62116
-96.36707,36.03501
-96.63857,34.21174
-98.61497,34.76134
-94.78227,36.4168
-95.79677,36.13222
-94.38045,34.4082
-94.66875,35.0271
-98.99414,34.38638
-121.9123,45.65125
-123.3471,45.63606
-122.8889,45.63893
-123.7027,45.06215
-123.3604,44.55505
-122.3876,45.4237
-121.9524,44.27795
-123.5469,45.5891
-118.2742,45.3233
-123.3768,45.59669
-122.533,45.12545
-117.991,45.84175
-124.2,40.1
-118.0811,45.99215
-118.9491,44.39104
-118.42,45.5
-124.53,42.82
-122.9903,45.48204
-123.866,45.75449
-122.6397,44.8633
-124.3,42.07
-124.3,42.08
-121.5835,45.3725
-123.175,43.225
-123.875,43.54165
-121.9139,45.33175
-122.1884,45.55364
-123.3833,42.375
-122.4163,45.3894
-123.449,42.39031
-122.0505,44.23861
-123.4166,44.58335
-121.8735,45.63923
-118.875,45.46571
-123.975,44.19167
-121.726,44.42565
-118.1253,45.9957
-121.4755,44.2157
-121.8955,43.5705
-122.1,43.6165
-123.694,45.0608
-118.415,44.825
-122.4888,45.0837
-122.3352,45.5145
-122.1629,42.8673
-123.1611,43.3029
-123.6416,42.24165
-124.0598,43.2547
-122.475,42.6
-121.6796,45.274
-122.1814,43.3622
-122.0802,43.08929
-123.311,43.5251
-118.3692,44.9723
-121.1537,44.8464
-117.2022,45.0018
-118.6016,45.5789
-123.9513,46.19945
-124.1214,43.9311
-123.5381,42.1533
-124.0133,46.2262
-122.095,44.7679
-121.6384,44.56625
-123.4034,42.354
-122.1954,43.31815
-121.9165,45.33
-123.972,45.145
-124.2148,42.28445
-122.585,44.915
-118.5654,45.6605
-123.5585,43.2073
-123.2725,42.02106
-123.6956,45.06881
-121.8388,45.31061
-121.9584,45.0295
-122.2347,44.95023
-123.6216,42.16024
-121.7084,45.8417
-122.1322,44.40946
-121.9104,43.48257
-124.43,43
-77.8768,41.7655
-78.65621,41.9548
-79.56702,40.05148
-78.42314,40.97015
-79.8765,40.357
-80.54177,41.91826
-76.804,41.4065
-77.27178,39.76366
-79.9167,40.5833
-78.377,41.01865
-79.6575,40.5258
-80.0107,40.6166
-79.7668,40.5278
-75.06665,40.4225
-80.25475,40.52825
-75.37814,40.37726
-79.16817,40.32247
-75.205,41.115
-78.5826,41.12782
-78.66863,41.97226
-74.53322,41.02176
-74.85745,40.1316
-80.26563,41.21365
-71.5,41.45
-71.65183,41.432
-71.6568,41.98067
-79.65835,36.86345
-80.3891,34.59
-78.9211,33.72
-81.61264,32.98597
-83.11639,34.65375
-80.156,33.007
-80.074,34.374
-82.38998,34.52414
-80.316,33.096
-81.359,33.245
-79.1246,34.08725
-81.70052,34.53654
-82.56786,34.45025
-81.56005,34.9533
-102.3971,43.35851
-101.7312,43.4471
-103.4966,43.89875
-99.1903,43.37663
-84.28315,35.2597
-89.63499,35.537
-86.465,35.11417
-89.48666,36.09583
-87.19556,35.20416
-87.25375,35.94
-84.3046,35.1013
-86.5101,35.988
-84.0475,35.5559
-87.38542,36.12318
-84.48414,35.18597
-84.0458,35.3538
-86.7074,35.6753
-83.53575,35.68449
-86.46987,35.10615
-87.4769,36.1124
-83.3032,35.4745
-89.25397,36.26451
-86.60155,36.30155
-86.5104,36.5802
-84.66167,36.19746
-86.15759,36.25466
-84.88466,35.97231
-85.07263,35.30146
-82.38587,36.15588
-98.03333,32.7
-100.5,36
-95.32,32.13972
-94.76362,31.30853
-97.5,32.15
-95.5425,32.7943
-95.37666,30.75
-95.52722,30.61667
-94.86958,32.58125
-97.8375,33.29083
-95.01264,31.90791
-97.04361,33.48028
-94.3,32.68
-95.48833,31.35833
-98.055,31.11611
-95.60834,30.23333
-102.6922,31.27278
-94.89778,30.73861
-95.06667,33.67056
-95.16028,33.64555
-94.63458,31.91708
-99.18778,33.16972
-95.58334,30.52361
-95.76861,33.48
-95.80556,32.57306
-94.965,32.27444
-103.7439,30.77722
-98.35,33.13333
-95.19722,33.845
-94.59222,32.68945
-95.8775,33.46333
-97.54944,32.17194
-94.90528,32.35306
-94.41528,30.775
-95.82056,33.26222
-96.10222,32.94722
-94.37444,32.04361
-102.3881,31.06278
-96.00306,33.19944
-94.7375,32.33528
-96.84806,33.69
-95.83639,33.82083
-100.4161,31.45417
-95.90694,33.61666
-96.78917,33.71472
-94.35722,33.28333
-94.16666,32.8
-95.27361,33.66666
-94.2,32.62194
-94.52,32.62389
-94.15,32.58333
-95.61056,32.69028
-94.85,30.26667
-98.08611,30.38667
-94.2,32.05806
-94.79333,30.26861
-94.82,30.10305
-94.86667,30.08333
-94.9,32.51667
-94.25694,33.07639
-94.83334,29.88528
-95.09167,30.475
-96.29222,29.17805
-96.25,29.38333
-96.71,29.02611
-101.3903,32.24083
-93.61667,30.72028
-95.21667,32.18333
-97.83334,32.78611
-94.86667,30.41667
-94.68333,32.01667
-94.72334,33.03333
-95.6,32.16139
-94.14306,32.01083
-94.85,30.01667
-96.01666,28.97944
-95.63,30.6
-95.00833,30.40833
-93.94,30.41667
-95.3,30.63333
-95.32,30.31667
-98.09234,32.04417
-94.70139,30.71139
-94.32139,33.09625
-95.28653,30.3343
-97.05903,33.77528
-94.47903,31.0232
-93.972,30.83315
-93.7,30.8
-98.3298,32.8269
-95.6669,31.6212
-95.46671,32.85232
-95.23958,33.36867
-95.59745,31.1683
-93.8117,30.12615
-101.667,34.93243
-98.68465,29.56835
-95.37101,31.82347
-95.10654,30.302
-94.45095,31.2371
-96.12524,31.93425
-95.12381,30.43703
-95.17966,30.31363
-95.35257,32.19202
-97.61,32.675
-97.61,32.675
-95.12872,32.24271
-111.3481,37.8058
-111.6992,40.3857
-110.9315,40.028
-111.75,41.5
-109.9,40.5
-112.35,38.225
-111.4988,41.43135
-112.5,38
-111.5447,40.0445
-111.5281,41.5343
-111.0837,40.92128
-109.5143,40.86765
-113.7382,37.182
-112.0179,41.7086
-111.5333,41.96181
-111.8038,40.91689
-77.36115,38.52019
-79.77946,38.05408
-80.82856,37.29854
-78.53718,38.36911
-80.38748,37.02759
-81.09017,37.22647
-80.13276,37.2423
-76.6658,37.72693
-77.97089,38.02516
-78.55758,36.63931
-79.052,37.585
-79.82829,37.06266
-77.6257,37.44378
-80.98215,36.74465
-79.57,37.54
-80.5378,37.3557
-77.23238,38.741
-80.48,36.745
-78.33453,38.73048
-77.90815,37.047
-78.6205,38.9766
-77.34673,38.48342
-79.36079,36.5587
-77.67422,39.14588
-81.48593,36.62492
-78.20517,38.98773
-78.48832,38.90323
-72.7051,43.4654
-122.6228,46.05333
-121.2802,47.3178
-122.3003,47.0274
-121.5478,46.295
-117.7619,48.65528
-124.7312,48.1609
-122.4089,45.8581
-117.9458,46.37944
-117.9592,46.48917
-123.1175,46.1903
-122.9179,47.7079
-123.3893,46.9782
-121.4142,47.425
-123.5894,47.33694
-123.8886,47.2475
-121.5708,45.81611
-122.0111,47.8925
-123.8793,46.7818
-123.3769,47.9261
-117.8106,48.78389
-123.8792,47.41306
-123.4822,47.0033
-121.9258,47.2831
-122.1806,47.29944
-121.7713,47.1826
-122.3454,47.5279
-122.7063,47.7613
-121.2303,45.75806
-123.0966,47.1305
-123.3261,48.0985
-121.9572,48.0028
-122.8858,47.27667
-117.4214,48.75528
-117.4161,48.74111
-117.3347,48.65083
-122.6869,46.94913
-121.4642,47.01278
-122.782,47.3704
-122.6869,46.94917
-122.1767,46.71833
-121.4642,47.01278
-122.2778,48.36861
-122.0144,45.66194
-122.1379,46.385
-122.2083,46.27583
-122.1572,46.15194
-122.0194,45.62778
-122.2375,45.74639
-121.9425,48.2475
-122.0958,48.11556
-121.3819,48.1472
-122.0447,47.9817
-121.6647,47.7853
-122.4133,46.803
-122.7669,46.985
-122.1694,46.9974
-120.6694,46.71444
-121.0939,46.97944
-120.8681,46.24639
-121.7753,45.69833
-121.6769,48.21167
-123.82,47.93722
-122.1852,47.1772
-122.1833,47.2416
-122.1656,48.8178
-122.2963,46.5672
-122.2739,46.55861
-122.2739,46.55861
-122.2988,46.5579
-122.2825,47.4549
-121.7692,48.1278
-120.1211,48.36361
-119.3172,46.23361
-122.4369,46.61583
-121.3314,48.2681
-120.2955,47.35305
-118.0711,46.03944
-118.0519,46.0675
-122.382,46.9382
-123.6288,46.9705
-119.7084,48.95835
-122.5322,45.7811
-121.3055,46.0722
-121.2543,48.5149
-121.2309,47.3338
-121.5863,46.67111
-122.69,46.96515
-122.1652,46.766
-121.51,47.0466
-121.6738,48.86
-122.4988,46.3261
-121.9008,47.6068
-123.1875,46.1911
-122.5855,46.3758
-122.1983,46.7002
-121.5344,47.0183
-121.3114,47.6181
-122.9627,46.6622
-121.9063,45.8083
-122.028,46.3105
-121.745,48.53944
-121.9658,47.288
-122.4275,46.5347
-123.2135,47.8306
-121.6279,47.0019
-121.5867,46.67389
-121.5863,46.6711
-120.9855,45.9358
-122.2156,48.76075
-123.5439,46.33425
-117.2776,48.83558
-122.7919,47.94056
-120.4474,46.4984
-123.6081,46.35639
-122.3985,45.8331
-123.8763,47.4259
-121.0909,46.80505
-123.2022,47.4028
-121.6352,47.8573
-122.8294,46.0471
-117.9793,46.0573
-122.5344,47.763
-124.072,46.81045
-122.2187,47.39
-121.9256,46.3105
-122.4076,45.8911
-121.8943,47.87725
-122.2356,47.0958
-122.4078,48.68985
-121.95,46.05
-117.3606,47.62769
-121.5287,47.485
-121.6009,43.74251
-122.2917,47.18556
-120.0745,48.321
-122.54,47.79
-122.8833,47.28069
-123.8161,46.98621
-121.8668,48.35552
-122.2339,45.74715
-122.3055,47.14385
-123.9718,47.3631
-121.9749,47.7393
-120.7772,48.19923
-122.4966,47.74897
-119.187,48.32956
-122.3076,46.84565
-122.3219,47.45411
-122.0282,47.01562
-119.7085,48.9588
-122.645,48.39936
-123.3749,46.60207
-123.2902,47.00625
-120.6599,48.31199
-122.3045,46.52352
-121.5763,46.67816
-123.2182,47.49865
-123.1742,46.98278
-122.1183,46.75468
-122.3234,47.4506
-123.8343,47.50319
-122.1979,47.75034
-121.7666,47.43534
-123.8165,46.4205
-121.6548,47.48176
-121.25,46.85
-123.7727,46.94102
-121.9418,47.13485
-121.1859,47.70178
-122.3431,46.2965
-121.7427,47.57576
-122.2719,46.84748
-122.3898,45.90052
-122.215,48.308
-121.6962,48.32675
-122.2214,47.17295
-121.5298,47.12045
-122.4331,46.88234
-122.7746,46.63477
-121.6314,45.96112
-123.3678,48.08955
-122.5958,47.10637
-122.2638,48.92928
-122.7515,46.78571
-121.4813,45.86883
-121.6708,48.03114
-122.202,46.53686
-123.7194,47.08824
-122.4212,47.05072
-121.429,48.05305
-122.5368,47.09762
-122.2763,48.10255
-122.1375,48.11308
-122.911,48.00503
-122.528,47.78212
-121.9883,45.63921
-122.3482,47.064
-124.0556,47.0562
-121.9995,48.93228
-121.8135,48.09853
-121.9557,46.77641
-120.9783,47.1902
-123.3212,47.41184
-119.8345,48.57028
-88.51969,44.8491
-91.71295,45.5
-90.0411,44.6543
-89.6965,45.89832
-88.16359,45.33418
-90.51659,45.78177
-89.67523,45.22849
-88.7829,45.56326
-90.51145,45.7743
-89.16425,45.5051
-90.444,45.775
-92.4573,45.1097
-90.7221,44.3801
-89.9905,45.0902
-91.3171,44.4049
-91.49319,46.10445
-90.42001,45.73271
-87.73608,45.02046
-92.03925,44.75668
-88.03413,45.64867
-90.43515,45.672
-80.37878,39.52122
-80.11329,39.54114
-79.3434,38.87813
-79.42547,38.95242
-82.59822,38.12764
-80.60419,38.32548
-81.16211,39.21833
-79.43762,39.0417
-80.68192,40.1333
-81.85806,39.01972
-80.7582,37.6541
-80.03149,38.6685
-81.29745,37.58135
-77.9407,39.5392
-79.5375,39.6995
-81.70641,38.2128
-82.59348,38.35727
-78.49429,39.5226
-79.95418,39.03496
-81.1271,37.32091
-80.01335,37.5313
-79.3762,38.835
-80.51374,38.33109
-79.3686,38.835
-79.47325,38.8926
-79.4016,38.8409
-80.64685,37.50965
-78.94501,39.335
-81.5722,38.2383
-81.095,37.7
-79.01405,39.26188
-80.9075,37.7929
-80.3616,37.9937
-80.17,37.445
-81.68124,37.2875
-79.4593,39.10023
-82.28279,38.16391
-80.71875,37.9208
-80.23375,39.1611
-80.27,38.98
-80.1177,38.1882
-81.4625,38.2639
-81.08506,38.0695
-82.43855,38.35806
-80.6754,38.12852
-110.0042,44.50132
-109.7935,44.45584
-109.6824,44.49817
-109.5113,44.48134
-110.4165,46.79165
-110.4165,46.79165
-110.5,44.58333
-111.05,41.25
-110.5,41.2
-108.9245,42.9919
-156.75,69.5
-149.7667,61.09085
-132.7333,55.4555
-155.981,57.7566
-142.7691,63.98869
-85.57415,33.7065
-85.8175,33.48665
-86.5653,32.4456
-86.255,31.29
-86.00004,33.00014
-86.2952,33.6332
-85.925,31.85
-86.97057,34.73139
-87.29,31.99
-88.34223,30.47612
-85.2222,32.6825
-85.21545,32.67715
-86.86,33.1
-85.7075,31.35
-85.87055,33.46345
-87.5047,31.20325
-86.59747,34.55946
-87.95277,34.8986
-85.61766,31.30503
-87.28992,33.20837
-85.79889,34.56327
-85.86473,34.04129
-85.49103,33.12572
-87.3775,33.89236
-87.56807,31.809
-85.08995,34.24174
-85.7894,33.24084
-92.25139,36.37139
-90.18444,35.14639
-93.8417,33.31194
-94.07806,36.25639
-93.76,36.34389
-92.70348,34.52473
-92.58,34.47
-92.943,35.8019
-93.23111,34.39
-92.55472,36.36
-92.44583,35.77
-93.94389,36.13361
-94.0679,35.1759
-91.97,35.07
-93.17056,34.31611
-91.51528,35.69958
-90.95902,34.97181
-93.45042,35.06144
-93.42848,35.15193
-94.09966,33.94073
-92.22704,34.56384
-94.3457,34.08204
-91.48295,33.40425
-92.30753,34.92684
-110.9986,34.4274
-111.5228,34.96295
-110.175,32.65
-111.6259,35.1394
-109.355,33.9
-109.155,35.97
-111.8907,34.7706
-110.9583,34.33335
-109.14,36.28
-112.05,34.7
-112,36.4
-111.08,34.475
-111.7,35.09
-112.19,36.74
-111.375,34.425
-110.98,34.35
-110.9725,34.34
-111.675,35.3
-110.0632,34.27139
-111.4925,34.375
-111.4,34.575
-111.7101,35.33069
-110.177,31.63
-110.925,33.825
-112.0934,36.3431
-112.53,34.45
-109.9643,32.7071
-110.4829,34.0425
-109.11,36.225
-113.46,34.55
-110.85,34.275
-112.24,36.65
-111.375,34.515
-111.0946,34.43951
-109.9134,32.70631
-109.9648,32.70722
-110.5712,34.24228
-109.5601,32.42445
-109.7452,33.988
-111.7099,34.67245
-111.7141,35.30685
-120.3292,41.72278
-123.9,41.16
-119.7111,38.14167
-120.8275,39.01917
-120.7053,38.30056
-119.9997,37.89917
-118.4244,35.75472
-119.2386,37.23667
-123.793,41.8607
-119.984,38.23243
-119.7275,38.29116
-119.9811,38.19753
-119.7489,38.31722
-121.0158,39.94278
-120.5414,41.48722
-120.0522,38.1625
-120.0522,38.1625
-120.0083,38.19833
-120.8169,39.02028
-120.0508,38.05141
-121.8881,40.4925
-119.9811,38.19753
-124.0644,41.30056
-118.9592,37.65028
-120.2867,38.27194
-120.1039,38.07584
-120.2667,38.05
-119.0736,37.78861
-118.6744,36.22306
-120.6672,39.30056
-119.0139,37.33694
-121.0803,38.90222
-122.3906,40.58667
-120.0914,38.9575
-120.0914,38.9575
-123.7481,41.37861
-120.0397,38.45861
-121.7314,40.53806
-120.1547,38.18389
-119.9924,38.24805
-121.015,39.26167
-123.8042,39.44583
-118.5272,36.10556
-121.2733,39.64306
-118.9689,37.07944
-119.4275,37.69639
-120.0389,38.46472
-123.6283,40.94083
-118.6078,35.56805
-124.2006,41.75611
-118.3356,35.51222
-119.235,37.23167
-120.3689,38.20444
-119.7519,38.32417
-123.1778,41.31917
-119.8208,38.77778
-120.2392,38.99778
-120.2603,38.31944
-123.2208,40.0625
-118.5821,35.44986
-120.5856,38.76139
-118.6092,36.4525
-123.4908,40.20556
-123.24,38.51639
-119.8609,37.81269
-122.6986,40.98333
-121.42,39.08
-120.2636,38.03305
-120.4683,39.11167
-119.8208,38.77778
-120.8294,39.5575
-123.6581,41.23528
-119.8792,38.2395
-122.8719,40.9913
-120.8983,39.21667
-122.6361,41.72944
-122.33,40.755
-120.3536,38.25472
-124.0586,41.28694
-120.0047,38.4775
-122.585,38.415
-120.5619,38.71806
-123.115,39.83
-121.675,40.88
-118.9656,37.2725
-121.4822,39.53722
-120.5264,38.39917
-121.5027,39.55249
-122.7,38.75
-120.0491,38.45799
-123.15,39.25
-119.4626,37.83074
-118.5347,36.05361
-123.7,40.85
-120.0969,38.96
-120.5764,38.91185
-118.9614,37.2804
-118.1729,36.1894
-120.6049,38.9037
-119.9501,38.6167
-118.9591,35.2673
-120.0023,34.60665
-120.0833,37.4583
-123.6667,41.25
-121.9167,40.4999
-119.54,38.29165
-123.375,41.8111
-122.1675,40.75
-118.225,34.25
-117.8333,34.2802
-120.7413,40.43298
-120.914,39.374
-120.1862,38.23475
-120.1666,39.0833
-122.2333,40.8833
-124.2,40.3
-123.4439,39.06583
-119.801,38.3958
-120.4187,39.41546
-121.845,37.055
-120.245,38.015
-118.9386,37.1303
-118.8741,37.28675
-120.0416,38.20835
-118.1666,36.1999
-119,37.5999
-119.2481,37.90613
-120.0825,38.80435
-118.3743,37.15889
-121.0479,38.95285
-123.292,41.23598
-117.9667,35.7
-118.2084,36.07081
-118.5333,37.76666
-119.864,38.17625
-124.0101,40.35259
-120.0397,38.09832
-116.7,33.66675
-120.125,38.375
-117.0416,34.04165
-119.2167,38.04165
-118.3804,35.5803
-118.375,35.95835
-124.1417,41.84998
-118.625,35.17748
-120.0459,38.03917
-122.6417,40.8333
-116.7944,34.2556
-122.7,41.1139
-118.4538,34.66363
-118.3302,35.12931
-119.118,37.79337
-122.553,40.5835
-120.4036,38.77386
-119.9,55.3
-112.6921,54.88394
-119.2044,53.53485
-119.152,55.404
-112.76,50.7
-112.9413,49.9818
-113.4698,54.27101
-114.7982,51.03149
-115.0964,51.35316
-117.18,54.7
-114.7861,51.20306
-117.7728,53.13605
-115.0944,50.55219
-115.09,51.03202
-125.2581,49.70889
-125.1676,49.5368
-116.1386,50.50041
-120.105,53.24
-124.2721,53.53125
-121.8,49.25
-125.5634,50.09222
-117.0654,49.82221
-121.85,49.2605
-120.1173,50.7395
-122.5,58.5
-119.7497,49.69263
-116.96,51.3
-119.0812,50.61847
-116.1654,51.26903
-122.7746,49.72417
-123.84,49.53
-121.6101,50.99847
-119.5143,50.03625
-118.7652,50.24532
-123.9035,48.87097
-120.966,50.05149
-121.6064,49.32014
-119.0626,50.42139
-129.4015,56.54958
-122.3269,49.48486
-121.3222,49.53402
-119.5089,43.27355
-120.6502,55.9027
-125.4051,49.58458
-121.8785,50.94152
-123.8713,49.0489
-117.8775,50.57889
-122.2674,49.84818
-124.4165,50.2368
-121.589,49.15235
-119.2018,50.35025
-125.4736,49.07165
-121.2607,49.13644
-121.6495,49.16795
-118.7952,50.15078
-118.8412,50.3715
-124.1526,49.1497
-124.1744,48.7305
-119.5504,50.46674
-127.1616,54.78464
-118.1976,50.58378
-121.323,49.06165
-122.3104,50.15531
-124.8627,49.5298
-125.8811,50.47305
-124.7914,49.5828
-100.8188,50.06295
-95.33125,50.92345
-95.276,50.07
-95.41525,50.85595
-101.5205,53.687
-100.069,49.7905
-77.52356,44.1028
-88.60707,48.78009
-93.33372,48.60873
-79.40278,46.30688
-83.70184,46.29871
-75.98326,45.33788
-79.72499,47.05556
-76.06987,44.77658
-92.76801,49.77521
-78.90285,45.50396
-84.68153,47.5889
-84.71373,47.98577
-78.4529,44.1664
-78.93061,45.65532
-90.44405,48.6055
-80.60455,44.37775
-76.91354,44.70596
-89.30945,48.3766
-78.92731,45.61785
-91.41945,48.0715
-83.47763,46.10293
-89.2351,48.57605
-76.3948,44.6925
-76.43772,44.81678
-69.55,57.81
-76.601,45.737
-78.64526,47.38115
-76.85125,45.95625
-110.13,49.75
-106.0525,52.94971
-107.7171,54.31648
-105.8799,53.7312
-103.9236,52.60837
-136.2924,62.0875
-107.7,38.48959
-106.3681,37.1137
-106.1143,39.2026
-105.4458,40.025
-107.1771,37.19583
-105.4917,38.93333
-106.6035,39.4627
-106.3466,38.60124
-105.8226,39.40305
-105.1744,38.71225
-105.3812,38.9
-107.575,38.90833
-106.0417,39.20834
-105.0354,38.71145
-106.3625,39.225
-106.171,39.3045
-105.0138,39.0621
-107.9584,37.70835
-108.1292,37.4125
-107.4667,37.38334
-106.7084,40.55415
-105.0787,39.4455
-106.1215,39.29325
-107.4381,40.00385
-107.1971,37.89225
-106.7522,39.01577
-107.8708,40.277
-106.7682,40.4805
-106.3325,37.3199
-108.1098,38.9969
-106.541,37.2362
-106.6735,39.879
-106.4745,37.26505
-106.4213,39.15735
-107.501,37.33815
-105.275,38.91
-107.7015,37.70338
-105.2869,37.56055
-105.047,38.68775
-105.5728,40.33838
-105.9111,38.77741
-105.4147,39.52701
-72.46315,41.51105
-73.00099,41.86425
-75.3793,38.88665
-75.36536,38.71
-75.18375,38.676
-82.75685,29.10855
-82.42065,28.76465
-82.03495,29.01175
-80.933,28.9935
-81.31985,28.662
-81.07385,25.782
-81.59005,29.08405
-81.8642,28.021
-80.5158,25.4817
-80.17845,26.28585
-80.86715,28.98195
-81.3142,25.84875
-81.95285,27.9664
-81.63025,29.12915
-85.4427,30.32305
-81.8768,26.6685
-81.39806,30.0771
-82.1426,28.41655
-82.58765,29.1299
-85.0681,29.8398
-82.20475,27.1788
-81.30249,27.84434
-81.6143,26.6878
-87.00008,31.00009
-81.8945,29.0765
-81.08198,29.29063
-81.45421,29.7788
-82.055,28.555
-81.4692,29.04865
-81.6455,26.529
-85.64108,30.28881
-81.71505,26.09729
-80.96515,27.35644
-81.898,28.917
-81.649,28.966
-85.97701,30.993
-81.3615,26.0645
-81.49433,30.2637
-81.8995,27.8565
-81.1498,25.86895
-81.5545,28.5465
-80.98849,26.1699
-81.58581,27.9013
-80.27977,26.28516
-82.391,27.445
-81.89438,30.10534
-82.124,27.928
-81.356,25.953
-81.0834,29.3396
-81.78879,28.99487
-81.8539,26.7621
-81.2521,26.283
-82.87125,30.26682
-85.11039,30.08341
-81.90182,30.03042
-82.8436,30.31709
-82.11083,28.54028
-81.303,25.901
-81.45354,28.80455
-85.685,30.79
-82.38086,30.07067
-81.14076,28.63434
-80.87379,25.19935
-86.68372,30.90529
-81.9347,30.0461
-82.05391,29.56871
-86.65,30.75
-81.11927,28.48106
-81.8592,29.77291
-80.48412,26.91319
-82.28943,30.43412
-83.649,30.59612
-81.8992,30.25389
-87.265,30.9725
-82.0125,29.95301
-81.99105,27.07842
-81.80539,29.22079
-83.89289,30.11597
-82.20726,28.84542
-82.34611,28.90854
-82.92592,29.28942
-81.7624,30.0809
-81.43248,28.98491
-81.12167,29.4076
-82.61581,29.32605
-81.69245,26.1875
-83.48494,30.55044
-82.11937,28.36168
-82.96643,30.13156
-81.13924,29.41889
-81.3215,25.889
-81.96517,26.91675
-81.78307,29.47529
-81.32394,28.91605
-81.00677,28.13136
-81.41444,30.36186
-81.23386,28.97672
-82.71979,29.4694
-82.44075,29.74815
-81.03185,28.56308
-80.94411,28.54293
-82.04508,28.45786
-80.31353,26.9807
-80.48021,25.73951
-81.97549,28.94296
-82.30699,27.10589
-81.35342,28.11468
-81.64948,26.03808
-81.4048,29.96828
-86.54302,30.62555
-81.03941,27.34928
-81.21989,28.96416
-81.87347,27.93531
-81.01299,28.45247
-81.95499,28.525
-81.02086,28.12565
-82.35606,28.29324
-85.4937,30.46805
-81.7089,28.69205
-80.18501,26.83656
-80.79379,27.45883
-81.51359,28.05144
-81.55172,29.97454
-84.68864,34.0474
-84.7038,34.1226
-84.6971,34.1088
-84.20175,33.97005
-84.43484,32.0321
-85.4034,34.66005
-84.57616,34.36725
-81.88995,31.9621
-82.13665,33.4119
-84.50055,34.1962
-85.3297,34.77525
-80.89485,31.98125
-85.39171,34.66029
-82.2464,32.34705
-83.8329,34.7064
-84.25755,32.80865
-85.34145,34.69895
-83.76585,34.66255
-84.80283,33.81283
-83.07575,31.0614
-83.77232,34.37537
-85.3582,33.9844
-82.77173,31.2137
-83.62215,34.71425
-83.59509,34.4447
-81.34159,32.13781
-85.15337,33.81461
-81.47213,31.55762
-84.6216,34.8983
-82.4975,33.89761
-85.10299,34.4826
-84.0354,34.6527
-83.78375,34.78035
-84.02254,31.30062
-83.18237,34.94325
-83.6746,34.70107
-84.79601,33.796
-82.74675,31.30952
-84.78122,30.79456
-85.19659,34.17769
-83.57655,31.85605
-85.42266,34.62689
-84.79704,34.06787
-83.45181,34.70157
-84.16016,31.62608
-85.35133,33.95003
-82.24796,32.74985
-84.3453,34.81182
-84.60457,31.71434
-83.69681,33.09184
-85.01929,33.91604
-96.01464,41.48453
-91.4261,40.4415
-94.3841,42.9074
-92.73979,41.02174
-96.47562,42.55576
-90.59601,41.65225
-91.75641,45.8618
-93.85965,40.8348
-90.55585,41.76392
-91.59415,41.76292
-92.06343,43.32922
-94.20245,42.6766
-91.57033,41.7822
-90.84215,42.50969
-95.12505,43.47104
-94.01338,42.10722
-91.17154,43.00499
-115.2088,46.2404
-113.8441,43.79615
-114.9221,44.14765
-112.6467,44.2548
-116.1842,48.15585
-116.322,47.0615
-116.6079,47.85001
-115.3106,44.14555
-115.8405,45.16792
-114.655,44.9625
-111.4418,43.61015
-116.0969,48.25206
-116.211,47.6835
-116.71,48.33
-116.4873,44.9166
-111.5212,42.35635
-115.8596,44.35978
-89.952,39.115
-91.3883,40.3752
-88.3461,37.5
-89.30435,38.04813
-89.1979,37.1142
-90.1498,40.04505
-87.97622,38.94564
-89.34285,41.86395
-88.53872,42.075
-89.585,40.61
-90.1,41.6
-88.55,37.63
-88.50061,37.61404
-88.4375,41.625
-88.9319,37.61095
-87.7424,40.1527
-88.9487,37.72735
-89,39
-89.4205,38.0985
-89.45728,37.78048
-88.65912,37.52127
-88.7476,37.228
-88.09506,42.17577
-89.04518,40.65639
-89.80123,38.90123
-90.28404,40.63267
-89.41539,41.90703
-89.73378,40.82944
-89.56981,39.65749
-87.76622,41.63243
-89.95824,40.5634
-88.18031,41.89011
-89.99568,40.63281
-88.7584,37.2276
-88.62624,39.75616
-88.2886,42.1551
-89.68079,39.66676
-89.66525,39.6395
-88.01345,41.207
-89.599,40.8365
-87.76622,41.63243
-90.4049,39.02775
-90,40
-89.53419,38.9241
-90.14547,38.74784
-89.6845,39.62
-90.6757,40.1348
-90.22054,41.73534
-87.80624,39.09109
-88.07554,38.3778
-89.03049,41.26155
-88.83003,38.18881
-87.86476,41.63039
-88.98228,37.92017
-88.50196,40.82546
-88.66103,41.29077
-90.19624,40.48724
-87.7313,39.40458
-89.61281,39.73333
-90.68208,39.1633
-87.75156,41.53346
-90.14547,38.74784
-89.15173,37.61335
-89.36896,37.18404
-89.38184,41.96925
-90.7771,40.55179
-89.65926,39.83627
-89.48825,37.68393
-90.78947,40.45428
-90.17844,39.74652
-87.5321,41.4811
-90.06338,38.09052
-90.53175,38.92993
-90.1173,39.34657
-87.90503,38.87531
-87.869,38.893
-87.79683,41.63289
-87.8617,41.7173
-90.0775,39.3047
-89.9758,39.2038
-88.47835,39.8352
-87.7714,41.7627
-86.911,40.9847
-86.23506,38.4191
-86.19055,38.43235
-86.05825,39.2152
-87.41805,38.1579
-85.5045,40.7219
-85.01295,39.06565
-85.84489,38.73725
-86.81714,39.74356
-86.93636,39.72848
-87.08955,39.9347
-87.0796,40.38335
-85.3149,39.98705
-85.57069,40.74765
-86.49139,39.02502
-85.95914,38.39027
-86.38894,39.04744
-86.4324,39.3804
-85.57882,38.02847
-95.35479,37.44208
-98.12825,37.641
-97.424,37.7715
-94.97862,37.7684
-94.7844,37.4253
-94.9,39.3716
-95.488,39.1441
-95.74633,39.06381
-95.70296,38.76635
-97.58336,38.37558
-96.35309,39.14519
-97.56253,37.3901
-97.56185,38.1814
-87.40585,37.2402
-82.89059,38.33885
-85.89175,38.14415
-82.643,38.16205
-83.49205,37.2731
-85.26247,37.41098
-82.353,37.49993
-86.0163,37.1496
-83.21735,37.28205
-86.1358,37.3817
-85.359,37.689
-82.70584,38.53082
-86.1425,36.772
-85.67188,37.7755
-83.69043,37.83438
-83.16293,36.89771
-82.81679,37.19822
-85.00044,38.63813
-83.79678,37.65805
-87.64487,37.3141
-82.74595,37.22604
-82.70393,38.11509
-82.89404,36.88494
-82.13403,37.31413
-82.44214,38.03338
-84.0821,36.8817
-83.41575,38.33527
-86.35931,37.55379
-85.03827,38.25861
-85.03827,38.24361
-84.63702,38.73854
-86.5549,36.8066
-84.23711,36.40406
-84.20422,37.30984
-92.64896,30.8346
-93.4386,32.4197
-91.0955,30.96745
-90.6763,30.509
-93.36627,32.45763
-91.84467,31.08774
-89.81163,30.85052
-92.28034,31.41787
-70.97559,42.12697
-70.48792,41.73125
-70.75587,42.17865
-70.97708,41.60551
-70.89049,41.83664
-71.80123,42.54334
-72.82665,42.08179
-72.91994,42.64809
-76.53862,39.01142
-77.4608,39.21564
-76.54514,38.81639
-76.811,39.11378
-75.80465,38.63295
-78.32549,39.64819
-76.6691,39.6946
-77.2948,39.06392
-68.8405,46.1333
-85.38834,46.71195
-83.59014,42.285
-88.16361,47.232
-85.49639,46.52889
-89.31389,46.87111
-86.81917,46.01278
-84.4587,41.79639
-83.51418,44.6375
-86.075,43.103
-86.5153,42.0288
-84.47611,44.82167
-83.55718,42.15965
-83.86097,42.36639
-85.27652,43.60667
-85.77714,44.64535
-84.20835,41.80832
-84.16389,44.53665
-86.09081,44.5976
-85.93575,44.4887
-87.3459,46.34445
-86.0221,45.9796
-86.42896,44.091
-85.95915,42.4637
-87.5034,46.52545
-86.5367,46.4722
-86.611,46.159
-88.7751,46.2803
-85.84005,41.80205
-83.78585,44.56215
-85.23538,45.33075
-83.67,42.2375
-85.6667,44.45835
-85.99374,41.77945
-85.63835,44.16985
-83.62335,44.62
-84.00156,44.34035
-84.2915,42.43235
-85.79052,44.66666
-85.2515,43.2725
-88.45181,46.10294
-83.84937,44.98276
-86.10335,44.1708
-83.5175,45.1365
-84.4445,44.398
-86.353,43.4245
-85.30701,43.857
-84.41335,43.83165
-85.433,44.685
-86.376,43.689
-83.95399,44.2055
-83.9205,45.0635
-85.293,43.577
-85.5995,43.153
-86.36,42.19
-83.3595,41.972
-84.94099,43.265
-84.4995,44.377
-86.29,43.5345
-86.11156,44.73109
-84.30746,45.31915
-84.5914,44.41775
-85.44922,44.71466
-84.10373,42.17291
-84.01165,44.68
-84.50999,44.12
-83.61314,44.68047
-85.72845,44.83369
-85.68,43.22
-87.326,45.78247
-85.9222,44.25533
-84.21035,45.22039
-87.09378,45.74023
-89.5,46.25
-84.53098,42.20901
-92.49979,46.69303
-95.0168,47.8764
-94.57375,47.4914
-94.1211,47.3304
-93.9137,47.323
-92.83521,46.3725
-90.58915,48.0607
-92.84309,46.3666
-96.28425,48.52579
-94.83755,47.1589
-94.80162,46.67197
-94.87069,45.95602
-92.88618,46.02361
-92.6349,47.51591
-92.12065,48.1784
-93.28008,47.31732
-93.81888,46.78149
-92.2895,48.13826
-93.75745,47.65885
-94.68516,46.73252
-92.296,48.1316
-96.0073,48.8572
-90.0545,46.06195
-94.41713,47.39974
-95.05023,47.48271
-92.75357,47.47025
-93.31413,36.63621
-94.2633,38.7437
-91.6284,38.441
-93.91737,38.46253
-91.419,39.1405
-90.2488,37.5562
-93.41,37.54661
-93.5395,37.7664
-91.07,39.445
-91.985,37.27
-92.1527,36.7548
-93.51,36.73
-91.1569,38.11203
-90.7212,38.4971
-91.41383,37.63169
-90.50072,38.21719
-94.286,38.586
-93.25712,36.71418
-94.47345,37.18124
-91.30804,37.2306
-90.7,38.40685
-91.64719,38.01223
-93.73122,37.19201
-93.1073,36.3881
-93.6383,36.7279
-90.86792,37.66643
-90.7357,38.4063
-92.31901,39.08817
-90.21339,36.57869
-92.1426,37.5656
-90.52135,37.18847
-91.06547,38.11468
-95.32129,37.8322
-92.22327,37.50983
-94.2908,39.20894
-92.2428,36.4504
-94.10855,39.03445
-94.60359,37.84239
-94.32079,37.91544
-94.1927,38.524
-92.5415,37.4504
-88.72985,30.38345
-89.6918,30.46825
-88.65135,32.31255
-88.68893,32.09515
-88.26655,34.735
-112.5649,47.07954
-113.6925,46.18694
-111.9625,47.07444
-112.571,46.05292
-115.6418,48.27011
-114.08,46.75889
-113.82,48.68
-113.7593,47.60413
-111.563,45.12266
-113.1424,46.30766
-109.5528,45.28074
-114.0725,46.96508
-144.0265,47.57549
-111.2644,46.48392
-113.5911,46.5252
-110.6268,46.59692
-81.98335,35.8934
-82.4831,35.36
-81.38915,36.3461
-81.80479,35.83845
-81.7418,35.94585
-77.5873,34.7576
-77.7485,34.3924
-83.5214,35.5605
-82.26195,35.74875
-83.5582,35.5131
-77.67995,35.42525
-78.968,36.2058
-82.4614,35.7909
-80.46865,36.38287
-83.007,35.211
-83.26097,35.89305
-80.66,36.134
-83.23206,35.10486
-80.2068,35.87885
-81.402,35.194
-79.11128,35.1312
-80.2084,35.95815
-80.375,36.48615
-81.56219,36.42315
-79.88049,35.0554
-80.03551,35.31924
-81.95195,35.95865
-82.87408,35.7695
-77.10508,34.79914
-80.69763,35.43787
-81.77603,35.78043
-79.75537,35.56577
-81.20877,35.84103
-80.01653,35.35636
-102.7291,47.63297
-96.42668,41.2333
-103.018,42.71425
-96.46025,42.47356
-103.0044,42.69657
-97.13196,40.64043
-71.46778,43.28556
-70.93333,43.05
-71.1794,44.79969
-74.6298,39.652
-74.2975,39.7384
-75.11044,40.76345
-75.5167,39.632
-74.70135,39.8234
-74.3966,39.934
-74.29085,41.1445
-74.45995,40.9575
-74.3516,40.77545
-74.84528,40.60667
-74.46155,40.9427
-74.78004,40.99567
-74.1301,40.053
-74.49518,40.93552
-74.68832,41.29596
-74.15562,41.06945
-74.6854,41.30566
-105.4113,36.599
-105.7197,33.2516
-106.9958,36.91475
-106.9547,36.7657
-108.8548,36.14505
-106.9571,36.095
-109.0612,36.39135
-105.5596,36.19625
-107.1612,36.4178
-105.7338,33.27094
-119.975,39.592
-119.6665,39.679
-118.1806,40.52737
-74.0863,41.66955
-74.75611,43.61833
-76.17366,42.40489
-78.1946,43.2265
-77.664,43.2696
-78.28014,43.26886
-73.66616,41.97341
-73.8094,44.1856
-73.73606,44.66399
-75.38025,42.0837
-73.91649,41.38084
-74.00528,43.81495
-73.45947,43.56211
-73.51238,43.6678
-73.56614,43.66344
-73.741,43.42645
-77.36516,42.54346
-73.52,43.7268
-75.57448,43.64706
-74.27923,43.0949
-73.64642,41.59773
-75.58825,44.62185
-74.47383,43.13206
-73.81,43.32
-75.73906,43.1546
-77.98756,42.24542
-74.15429,43.30679
-84.1735,39.9784
-81.11578,41.13021
-83.64597,39.92821
-81.39827,39.95329
-83.93892,40.65572
-83.40573,38.89665
-82.24155,39.47642
-82.1334,40.25597
-81.96845,40.2287
-80.54558,41.72735
-82.82491,41.42364
-81.99847,40.35097
-83.43667,41.14896
-81.99955,40.3244
-81.26559,40.33345
-82.21939,41.27939
-81.82391,41.09302
-81.02917,39.75531
-81.28671,39.93154
-81.38112,41.31405
-81.32425,41.17646
-81.1414,41.10715
-81.3741,41.06499
-84.48506,39.64146
-82.64864,40.74705
-83.18179,38.77727
-81.34993,40.62147
-83.44371,40.47326
-82.3997,39.25109
-81.25576,40.42655
-81.5693,40.6298
-81.1455,41.2599
-80.62124,41.1462
-81.22745,41.3235
-80.89606,40.54269
-80.64211,40.34042
-80.59236,40.72943
-82.12263,41.38274
-81.37181,41.16187
-80.67828,40.3725
-81.40079,39.63382
-82.6353,39.5246
-81.49697,40.0799
-81.2558,40.42687
-82.27037,39.24523
-84.15971,39.8494
-83.12916,38.68516
-82.41861,41.0672
-82.38627,40.99562
-81.57021,41.35208
-80.57396,40.69334
-81.47081,39.64081
-83.56088,40.01979
-81.33134,41.15845
-84.36754,39.61205
-81.56152,41.31609
-83.06977,41.48962
-81.28275,41.50086
-81.52101,40.11632
-81.27506,41.38199
-81.5518,40.1138
-80.616,40.725
-82.79665,39.10495
-81.27147,40.75079
-81.1188,40.20275
-81.20422,39.86019
-81.60838,41.25248
-81.3654,41.05931
-89.34647,39.74678
-81.32337,40.79362
-80.85832,41.12884
-80.90944,40.64049
-84.1317,39.03501
-81.37085,39.42635
-83.12891,38.69322
-82.63536,39.59947
-81.64181,41.16984
-81.26729,40.90177
-80.84143,41.81429
-83.40022,39.11929
-81.11617,41.13183
-81.36305,41.06194
-81.4936,40.11682
-82.34181,41.17222
-81.03764,41.18518
-80.98022,41.76702
-83.7278,39.6543
-80.14099,41.11447
-82.14194,40.59307
-81.50403,40.12719
-81.91616,41.22248
-82.07824,41.11417
-82.16943,40.60291
-83.07492,39.05922
-82.14536,40.04603
-83.02551,38.9506
-80.96186,41.85256
-84.08533,39.01569
-95.04778,34.75139
-99.81514,34.73153
-94.93722,34.53889
-94.63111,34.84167
-97.24139,35.21111
-94.92667,36.4075
-95.34111,35.00278
-94.96639,34.72195
-94.70278,34.52667
-94.60042,34.45195
-94.91928,34.52436
-94.685,34.695
-94.575,34.64583
-94.98001,35.56637
-94.7264,34.73966
-94.7297,34.74338
-94.49968,34.49108
-99,35
-95.11875,34.6021
-98.24586,35.08344
-94.66875,34.8146
-94.77699,35.50285
-122.3755,43.69005
-122.4808,45.03255
-123.9599,43.7827
-123.466,45.7351
-119.6389,45.83675
-122.2777,45.40023
-123.455,43.7667
-121.3815,43.94225
-122.275,42.47
-122.1647,44.99745
-122.1631,44.9979
-123.7718,44.96651
-121.7745,45.5666
-122.0833,43.5883
-122.3057,44.97487
-121.7115,45.32301
-122.3759,43.20335
-122.7465,42.08845
-123.6664,45.07072
-123.625,45.70835
-123.3724,44.09462
-123.3601,45.76569
-123.4911,43.16815
-123.4462,44.86875
-123.9211,45.99378
-123.3322,42.56805
-122.2328,42.4356
-121.8214,45.49805
-122.5674,44.79307
-122.2487,45.4684
-121.5684,45.25725
-122.2728,44.8623
-118.6131,45.58982
-121.886,45.2075
-121.8165,44.6335
-118.8215,43.85975
-123.4043,42.09224
-123.6481,42.16298
-123.5792,45.0487
-123.2665,45.4915
-122.8494,44.6616
-122.7789,45.03575
-121.3338,44.1263
-118.5908,44.5385
-121.8829,43.8628
-124.0255,42.6425
-123.296,45.82565
-121.6347,43.7151
-121.424,45.4051
-121.6444,45.5775
-122.3803,45.1867
-123.5834,44.8458
-122.8042,43.6583
-122.9546,45.7492
-124.3688,43.1786
-121.9683,44.4625
-122.4,44.9633
-122.5541,43.296
-123.5417,45.93701
-120.2782,44.0639
-118.7717,44.7751
-123.2433,44.6693
-118.0603,45.80374
-122.0449,43.6947
-124.426,42.4018
-122.1874,44.699
-122.277,45.4861
-121.9446,42.23865
-121.9547,45.3207
-123.3333,42.0833
-118.5518,45.3712
-118.5658,45.6764
-122.7875,45.11259
-121.9531,44.15568
-123.2675,43.6744
-121.5134,45.38736
-123.4573,46.03193
-117.925,45.91665
-123.2916,42.125
-123.75,42.22501
-123.5036,43.61538
-122.8887,43.40867
-123.5524,44.50455
-118.0891,44.68557
-121.3866,42.36945
-118.83,45.48318
-123.3973,45.61308
-117.7273,45.44986
-121.4705,43.98136
-122.1032,45.1518
-79.3178,41.47511
-78.39445,41.31268
-77.7011,41.845
-80.19804,40.50322
-77.62407,40.61798
-77.99314,41.70813
-75.9799,41.79985
-78.52589,40.65083
-79.8944,40.29929
-78.04547,41.34404
-76.2074,39.72785
-76.04183,39.73523
-75.23662,41.50383
-80.12229,41.07374
-71.58906,41.4596
-71.74425,41.81391
-80.80685,34.0431
-80.65645,32.9032
-81.861,35.148
-81.396,34.421
-79.884,33.132
-78.3829,33.5155
-82.82005,34.35765
-80.559,32.825
-80.95958,32.29968
-80.45451,33.04536
-82.7962,35.01305
-103.6183,44.38611
-89.91499,35.5035
-88.65445,36.12292
-89.3808,35.0055
-82.98764,36.36264
-86.9094,35.1918
-88.30945,35.80762
-88.76775,36.0165
-86.36485,35.94778
-83.73153,36.19408
-83.3626,35.46865
-89.94,35.226
-83.47566,35.64151
-84.05056,35.40472
-85.75014,35.23036
-85.02585,35.5467
-89.7735,35.416
-87.2352,35.0228
-83.21461,36.38632
-87.2932,35.3218
-86.2011,35.9978
-84.8215,35.129
-82.3045,36.0925
-84.85902,36.39403
-87.44963,35.78439
-89.0912,35.8606
-82.31094,36.42846
-86.9803,36.0917
-83.92841,36.4583
-87.0886,36.1874
-87.8084,35.545
-83.918,36.2635
-89.35205,35.52335
-95.77,33.24722
-101.5361,33.45278
-93.87194,31.56
-98.03083,29.57444
-94.11611,33.37917
-96.55,30.33333
-94.25556,33.18528
-97.06667,28.725
-96.80417,32.5175
-96.69583,32.26889
-96.53,33.75556
-94.81806,32.4125
-95.70861,31.40444
-94.33334,31.33333
-95.68333,31.78333
-95.62861,33.82722
-94.20695,32.1
-96.96333,33.81861
-97.81083,29.385
-100.8361,33.62167
-98.05,32.53333
-96.27306,33.59
-95.58334,30.95972
-95.54278,33.33
-95.24917,33.34139
-94.86833,32.28944
-95.41817,32.51556
-100.5167,31.84167
-94.37361,32.65
-94.6,32.9
-96.2,31.87333
-96.04472,28.8
-98.38333,32.83333
-93.68333,30.76667
-95.71278,30.52694
-95.36166,30.405
-100.4104,29.24665
-96.59167,30.525
-95.12305,30.55
-93.89,30.43444
-94.58,30.71139
-94.66653,30.66986
-95.5,29
-95.13,30.46
-93.97194,30.33778
-95.47556,30.14378
-95.77908,30.54366
-100.545,30.566
-95.20691,31.50773
-97.59946,31.37756
-100.4219,31.44815
-98.34489,32.817
-98.53998,31.4771
-95.75645,30.812
-97.03784,33.27303
-95.92831,33.79094
-96.76199,33.81435
-97.02299,33.33614
-94.52925,33.05685
-97.815,32.475
-97.445,32.84
-98,32.755
-94.04529,30.7114
-94.20776,31.05591
-94.12258,33.2784
-111.2186,39.64175
-111.6068,40.25622
-111.63,40.42
-110,40.65
-109.75,40.9
-111.23,39.48
-111.625,40.9
-109.725,40.915
-109.575,40.75
-111.5986,40.26705
-110.825,40.825
-110.9325,40.77988
-111.6149,41.6359
-110.8139,40.61087
-110.3583,40.61125
-111.5833,41.41125
-111.6956,40.34937
-111.6348,41.49955
-111.6631,38.8204
-111.1339,39.58375
-111.8189,40.9744
-111.6508,40.60779
-109.3125,37.75705
-112.1402,40.4871
-79.49707,37.53434
-77.34879,38.80319
-76.77447,37.1694
-76.28729,36.5884
-82.4179,36.8778
-80.04166,36.94165
-80.8797,37.00085
-78.9279,37.9808
-79.16096,38.54602
-79.1345,36.589
-75.6561,37.92735
-76.364,36.6765
-79.14478,38.56546
-79.908,37.01115
-78.193,37.303
-78.5367,38.36885
-77.90815,37.047
-79.65548,38.44714
-77.90815,37.047
-77.17868,38.70819
-77.2265,38.0735
-79.14795,38.58125
-76.0418,36.7586
-80.89,36.932
-77.95074,36.91355
-79.8871,37.12815
-78.02081,38.9593
-81.9107,36.76377
-79.35755,38.3331
-79.79759,37.64224
-80.36054,37.15814
-80.6275,37.41095
-79.11095,38.57716
-78.1268,38.89625
-81.62195,36.73225
-79.02109,38.51591
-73.0723,43.1635
-121.8053,48.64056
-121.0922,46.98333
-117.6767,46.33333
-122.1914,46.04722
-123.1967,47.5616
-122.5386,47.0044
-121.3051,46.8733
-122.1914,47.79111
-120.5122,48.59694
-122.3442,46.71
-121.5825,45.91694
-120.835,47.495
-120.9591,47.8498
-120.6705,47.4644
-123.5864,48.0281
-122.3353,45.69
-122.8994,47.7442
-121.6406,48.02611
-121.6508,45.75056
-120.3,47.29833
-124.053,47.0413
-120.7967,47.14472
-123.6619,47.01139
-117.9486,46.03333
-121.7569,47.5225
-121.4317,47.425
-121.5356,47.3958
-121.7565,47.1998
-120.8908,47.25722
-121.2692,46.93333
-121.2981,46.87139
-121.7731,47.4317
-122.9367,46.49139
-121.4625,46.55139
-123.2334,47.3542
-120.1075,48.61972
-117.4694,48.66611
-122.5386,47.00444
-122.7607,46.9363
-122.5789,47.32944
-121.8211,47.05472
-122.5819,47.3724
-122.4328,47.15556
-122.1967,46.06333
-121.7913,46.3341
-122.0514,46.17861
-121.8134,47.8895
-122.4133,46.803
-122.4133,46.803
-122.1483,48.78056
-121.1458,46.5602
-117.1153,47.92528
-121.705,48.2688
-122.0874,47.0945
-122.015,46.10444
-121.6594,47.1608
-121.725,47.41
-120.2758,47.19944
-122.1283,46.10861
-118.0519,46.0675
-121.0777,47.2842
-121.2764,46.82167
-121.1544,47.7117
-123.1583,47.2641
-121.8,46.1333
-121.6667,45.9667
-122.4275,46.5347
-121.9697,47.85556
-122.8241,48.09725
-118.9844,48.40611
-117.6454,47.981
-121.0638,46.621
-121.7064,46.08515
-121.7944,46.1036
-121.8078,48.2775
-121.6278,48.72917
-122.0375,47.40667
-122.82,46.37
-122.0252,46.5256
-121.1008,47.3991
-120.319,47.4822
-121.9191,46.0969
-120.718,47.8323
-118.9505,47.9093
-122.2864,47.0586
-121.1692,45.88039
-124.5301,47.9477
-121.3676,47.8901
-121.9192,46.21583
-119.7023,48.9138
-123.8979,47.4645
-121.6967,48.9058
-121.5497,47.0228
-121.6606,46.7225
-123.1208,47.5958
-122.2738,46.79955
-123.4898,47.2293
-121.8864,45.723
-122.885,47.23194
-121.4454,47.46312
-122.8531,47.9237
-122.6916,48.247
-121.5633,47.40245
-122.0262,48.21095
-121.4044,47.33515
-121.8943,47.16145
-123.7108,48.08025
-121.6669,46.01665
-122.3416,46.44165
-123.3958,47.2055
-121.7512,46.0803
-122.2985,46.951
-121.7812,47.4352
-123.8647,46.988
-123.7349,48.1368
-122.0247,48.9294
-121.7476,46.0189
-122.1301,46.3751
-122.2196,48.78336
-124.3324,47.5532
-123.2383,46.8434
-117.2833,48.79056
-120.2238,47.2637
-120.715,47.775
-121.3603,46.74778
-122.5926,47.0849
-123.9364,47.86028
-122.195,47.275
-121.1544,47.71167
-122.1761,45.4549
-124.1736,46.92694
-122.0297,46.75861
-121.9313,46.09035
-123.8796,47.86697
-123.8358,46.93755
-121.1958,47.79222
-121.3685,48.66175
-120.7426,47.74435
-122.3291,46.13795
-120.1611,48.45809
-117.3672,48.86479
-122.535,47.7504
-123.582,47.969
-121.5775,46.14853
-123.2008,47.3978
-119.0802,48.71545
-121.5777,48.22336
-119.7595,48.3912
-123.1976,47.396
-119.5423,48.94655
-120.1611,48.45809
-121.4844,47.1144
-122.2612,48.1864
-167.131,46.19328
-122.9316,46.50511
-119.187,48.32956
-122.105,47.6597
-121.8221,46.74551
-122.6893,46.94445
-122.0467,46.74621
-122.1931,46.11887
-121.8738,46.40153
-121.45,47.09685
-121.6738,47.86405
-122.5377,47.74225
-121.905,48.105
-121.5354,47.55477
-122.9539,48.03632
-121.9677,48.11509
-123.6886,46.35099
-121.4821,45.99935
-122.8665,47.28435
-123.2349,46.63153
-123.9878,47.2331
-122.2484,47.1787
-122.0303,46.39019
-121.9563,47.00008
-121.936,46.48441
-122.3574,46.878
-121.6321,46.99857
-121.718,45.9216
-123.0533,47.71782
-122.5089,48.17107
-118.5905,48.51673
-121.851,48.13025
-122.6361,46.51479
-121.2957,46.52485
-118.5545,48.7844
-118.4102,48.95876
-121.4008,47.97205
-124.0273,46.31401
-121.7576,45.96578
-122.5572,46.38448
-122.0571,46.81398
-122.5319,46.49406
-122.8722,46.50105
-122.0566,46.75225
-124.6802,48.27646
-122.6997,46.98578
-123.2259,47.46872
-122.2842,46.55354
-121.921,45.83632
-123.0235,46.50835
-123.1267,47.29435
-123.2005,47.41995
-123.7095,46.82742
-123.5436,47.94485
-124.2306,47.2838
-122.5552,47.77293
-122.7043,46.86044
-118.4379,48.60844
-121.6692,47.90079
-122.6317,46.97441
-123.4013,46.71103
-122.6028,47.147
-122.1676,47.7925
-120.8032,48.58177
-121.6014,46.68102
-122.5308,46.59632
-122.7372,46.48508
-122.1253,47.6633
-124.199,47.19006
-122.0246,46.75953
-121.4234,47.04433
-121.4469,48.04725
-120.55,47.83843
-121.7915,48.0744
-120.5688,44.83931
-121.3552,48.02073
-122.157,47.06045
-121.9683,48.0835
-122.9714,47.6653
-124.1692,46.96189
-121.5186,48.10892
-123.1592,47.61922
-122.2138,48.27656
-121.5314,46.46447
-123.0865,47.12015
-121.7363,48.07834
-122.0775,47.34072
-121.3034,46.85524
-122.941,47.67304
-124.1526,46.96114
-121.3201,46.73581
-122.0669,47.1352
-119.9417,48.44425
-122.3677,47.03189
-121.1057,47.82636
-121.3455,48.43505
-91.87774,45.5258
-88.12464,45.43522
-90.1687,43.06171
-92.30575,46.05229
-89.8741,45.7264
-92.683,45.776
-88.1255,43.1575
-89.66195,46.0484
-90.46,45.94
-89.7384,45.9555
-91.1713,46.6425
-90.7167,44.4723
-88.3245,43.251
-90.90444,46.59847
-87.49564,44.69867
-91.10812,46.25961
-88.5233,45.02176
-89.18135,43.8708
-88.44846,42.97569
-88.38782,45.95359
-87.63705,45.05592
-89.66046,45.87116
-89.7793,44.42315
-87.52243,42.51519
-90.2787,43.13145
-89.7715,44.4308
-87.94178,43.89418
-87.84023,42.86631
-89.6816,42.95915
-89.21035,45.941
-89.66375,42.9633
-90.24295,42.82445
-89.81407,43.85809
-89.3381,46.1675
-88.68,43.425
-90.7109,43.1573
-92.66538,45.38867
-91.2421,46.42085
-79.32608,39.06881
-81,38
-82.52633,38.38096
-81.60155,37.46292
-80.51534,38.27832
-82.07358,38.46118
-82.25949,38.5464
-79.33517,38.90203
-81.14714,37.80531
-82.0849,38.8448
-79.7802,38.7084
-79.5653,38.6934
-79.3999,38.8554
-80.17528,38.10833
-81.14833,39.61958
-80.5621,39.6723
-80.19044,38.10785
-79.52835,38.7016
-79.98335,39.05
-80.985,39.51
-81.5784,38.8317
-80.17294,38.20065
-81.0321,38.7365
-79.9442,39.6716
-82.0029,37.75415
-79.665,39.9433
-79.95695,38.8762
-80.429,38.312
-81.1447,37.6665
-79.98,38.55
-79.495,38.788
-80.915,39.355
-81.8,37.515
-82.4438,38.3248
-79.18524,38.57502
-79.7773,38.712
-79.33413,38.52026
-79.7927,38.7201
-79.26241,38.6492
-79.4123,38.9706
-79.68047,38.93027
-80.585,40.29
-81.2625,37.603
-78.05424,39.51256
-109.6429,44.49817
-110.5979,42.4829
-110.9967,42.4914
-104.1665,44.4165
